"id";"poste";"localisation";"domaine";"contrat";"entreprise";"salaire";"niveau_etude";"competences"
"1";"Développeur java";"Casablanca";"Informatique / Multimédia / Internet";"A discuter";"onepay";"A discuter";"Bac plus 3";"java,javascript,angular,jee,oracle"
"2";"Développeur front-end / Intégrateur web";"Rabat";"Informatique / Multimédia / Internet";"CDI";"WEBHI TECHNOLOGY SARL";"A discuter";"Bac plus 2";"java,javascript,jquery,html,css,ajax,bootstrap"
"3";"Ingénieur Data";"Casablanca";"Grande Distribution";"CDI";"Confidentiel";"A discuter";"Bac plus 5";"java,python,scala,shell"
"4";"Développeur react.js";"Marrakech";"Informatique / Multimédia / Internet";"CDI";"ENGINEERING INSIDE";"A discuter";"Pas important";"react"
"5";"Developpeurs senior -- experience exigee";"Marrakech";"Informatique / Multimédia / Internet";"CDI";"EI";"A discuter";"Pas important";"java,javascript,react,vue,node"
"6";"DEVELOPPEUR EN .NET A RABAT";"Rabat";"Informatique / Multimédia / Internet";"CDI";"sarl";"A discuter";"Bac plus 3";"java,javascript,jquery,angular"
"7";"Développeur Frontend ReactJS";"Casablanca";"Informatique / Multimédia / Internet";"CDI";"SARL";"A discuter";"Bac plus 2";"react,next"
"8";"Développeur Fullstack";"Casablanca";"Informatique / Multimédia / Internet";"CDI";"Digital Brains";"A discuter";"Bac plus 4";"react,html,css,php,angular,wordpress"
"9";"Développeur JAVA";"Casablanca";"Informatique / Multimédia / Internet";"A discuter";"1pay";"A discuter";"Bac plus 3";"java,javascript,angular,jee,oracle"
"10";"Développeur Applications Mobiles";"Safi";"Informatique / Multimédia / Internet";"A discuter";"BETTER APPS";"A discuter";"Bac plus 2";"react,laravel"
"11";"Développeur";"Marrakech";"Marketing / Communication / Publicité / Rp";"A discuter";"Amdimo";"A discuter";"Bac plus 2";"jquery,html,css"
"12";"Développeur Python Flask Fastapi Typescript React";"Rabat";"Informatique / Multimédia / Internet";"CDI";"SUCCESS";"Plus de 10 000 DH";"Bac plus 5";"react,python,next"
"13";"Développeur Php";"Rabat";"Informatique / Multimédia / Internet";"A discuter";"Confidentiel";"A discuter";"Bac plus 2";"java,javascript,html,css,php,wordpress"
"14";"Développeur Mobile Flutter (H/F)";"Casablanca";"Informatique / Multimédia / Internet";"CDI";"DP";"A discuter";"Bac plus 4";"flutter"
"15";"Développeur PHP Confirmé";"Rabat";"Informatique / Multimédia / Internet";"CDI";"FORNET";"A discuter";"Bac plus 3";"php"
"16";"Développeur Front-End (H/F)";"Casablanca";"Informatique / Multimédia / Internet";"CDI";"DP";"A discuter";"Bac plus 3";"java,javascript,wordpress"
"17";"Software developer php";"Marrakech";"Informatique / Multimédia / Internet";"CDI";"ALTERIPSO Maroc";"8 000 - 10 000 DH";"Bac plus 5";"java,javascript,react,html,css,php"
"18";"Développeur iOS";"Casablanca";"Informatique / Multimédia / Internet";"CDI";"GEB A";"A discuter";"Pas important";"swift"
"19";"Développeur Swift UI";"Casablanca";"Informatique / Multimédia / Internet";"CDI";"GEB Analysis";"A discuter";"Bac plus 2";"swift"
"20";"Technicien  Développement";"Casablanca";"Informatique / Multimédia / Internet";"CDI";"CBO";"A discuter";"Bac plus 3";"java,c++,python,j2ee,oracle"
"21";"Développeur en informatique Expérimenté";"Casablanca";"Informatique / Multimédia / Internet";"A discuter";"RIM TELECOM";"A discuter";"Bac plus 3";"java,html,css,angular"
"22";"Développeur Full Stack";"Marrakech";"Informatique / Multimédia / Internet";"CDI";"French Web";"6 000 - 8 000 DH";"Pas important";"java,javascript,jquery,react,html,css,php,laravel,react native,angular"
"23";"Développeur Front-End /Back-End";"Tanger";"Informatique / Multimédia / Internet";"CDI";"Informatique";"A discuter";"Bac plus 5";"laravel,vue,angular"
"24";"Développeur Mobile Android/IOS";"Tanger";"Informatique / Multimédia / Internet";"CDI";"Informatique";"A discuter";"Bac plus 5";"java,react,swift"
"25";"Un Développeur";"Fès";"Informatique / Multimédia / Internet";"A discuter";"Benarko";"A discuter";"Bac plus 3";"c#"
"26";"DÉVELOPPEUR INTÉGRATEUR WORDPRESS - MARRAKECH";"Marrakech";"Marketing / Communication / Publicité / Rp";"CDI";"WESHORE";"A discuter";"Bac plus 2";"java,javascript,jquery,html,css,php,bootstrap,wordpress"
"27";"Développeur WEB de Marrakech ( F  H )";"Marrakech";"Marketing / Communication / Publicité / Rp";"CDI";"agence marrakech";"2 000 - 3 000 DH";"Bac plus 2";"html,css,php,laravel,angular,node,wordpress"
"28";"Développeur Informatique";"Marrakech";"Informatique / Multimédia / Internet";"CDI";"Pro Techno";"A discuter";"Bac plus 3";"java,javascript,jquery,html,css,angular"
"29";"Développeur Informatique";"Marrakech";"Informatique / Multimédia / Internet";"CDI";"Pro Techno";"A discuter";"Bac plus 3";"java,javascript,jquery,html,css,angular"
"30";"Développeur en php";"Rabat";"Informatique / Multimédia / Internet";"A discuter";"Confidentiel";"A discuter";"Bac plus 2";"java,javascript,html,css,php,wordpress"
"31";"Developpeurs VueJS, ReactJS";"Casablanca";"Informatique / Multimédia / Internet";"CDI";"SARL";"A discuter";"Pas important";"react,html,css,vue"
"32";"Développeurs JAVA/J2EE";"Kénitra";"Informatique / Multimédia / Internet";"A discuter";"ASATECHNO CONSULTING";"A discuter";"Bac plus 4";"java,react,scala,j2ee"
"33";"Developpeur Web";"Casablanca";"Marketing / Communication / Publicité / Rp";"A discuter";"Box";"A discuter";"Bac plus 5";"php,angular,wordpress"
"34";"Ingénieur d'etat en génie informatique";"Casablanca";"Industrie / Ingénierie / Energie";"CDI";"Anonyme";"A discuter";"Bac plus 5";"c++,vb.net,oracle"
"35";"Responsable Informatique Industrielle";"Casablanca";"Informatique / Multimédia / Internet";"CDI";"Leader de l'Acier";"Plus de 10 000 DH";"Bac plus 5";"c++,vb.net,oracle"
"36";"Développeur Delphi (h/f)";"Casablanca";"Industrie / Ingénierie / Energie";"CDI";"Pour le compte d'une grand entreprise industrielle";"A discuter";"Bac plus 5";"delphi"
"37";"Développeur Full Stack";"Meknès";"Informatique / Multimédia / Internet";"CDI";"Virtual Marketing Solutions";"A discuter";"Bac plus 2";"java,javascript,jquery,html,css,php,python,shell,ajax"
"38";"Développement Web";"Casablanca";"Informatique / Multimédia / Internet";"CDD";"wex";"3 000 - 4 000 DH";"Pas important";"laravel"
"39";"Développeur java j2EE /JSF";"Rabat";"Informatique / Multimédia / Internet";"A discuter";"soft & soft";"A discuter";"Pas important";"java,jquery,react,html,css,j2ee"
"40";"TECHNICIEN DÉVELOPPEUR INFORMATIQUE";"Casablanca";"Automobile";"CDI";"CONFIDENTIEL";"A discuter";"Bac plus 2";"java,javascript,jquery,html,css,php,ajax"
"41";"Chef de projet erp interne / bac+5";"Casablanca";"Industrie / Ingénierie / Energie";"CDI";"Industrielle, leader dans son domaine";"Plus de 10 000 DH";"Bac plus 5";"c++,c#"
"42";"Développeur Full Stack";"Marrakech";"Informatique / Multimédia / Internet";"CDI";"ENGAGIA";"A discuter";"Bac plus 2";"java,javascript,jquery,php,ajax,bootstrap,wordpress"
"43";"Intégrateur Web  Angular (Figma/AdobeXD)";"Marrakech";"Informatique / Multimédia / Internet";"CDI";"1 Minute Script";"A discuter";"Bac plus 2";"java,angular"
"44";"DEVELOPPEUR FULL STACK";"Casablanca";"Informatique / Multimédia / Internet";"CDI";"valority";"A discuter";"Bac plus 3";"java,c#,javascript,html,css,oracle"
"45";"Développeuer front-end confirmé";"Casablanca";"Informatique / Multimédia / Internet";"CDI";"APTUS Consulting";"A discuter";"Bac plus 2";"java,javascript,react,python,vue"
"46";"Développeur Full Stack";"Rabat";"Informatique / Multimédia / Internet";"A discuter";"DIGENCY";"A discuter";"Bac plus 2";"java,javascript,react,angular,j2ee"
"47";"Developpeur Windev";"Marrakech";"Informatique / Multimédia / Internet";"CDI";"INFORMANCE SARL";"8 000 - 10 000 DH";"Bac plus 3";"java,javascript,jquery,html,php,ajax"
"48";"TECHNICIEN DÉVELOPPEUR INFORMATIQUE";"Casablanca";"Automobile";"CDI";"CONFIDENTIEL";"A discuter";"Bac plus 2";"java,javascript,jquery,html,css,php,ajax"
"49";"Ingénieur Dev JAVA EE";"Casablanca";"Informatique / Multimédia / Internet";"CDI";"Confidentielle";"A discuter";"Bac plus 5";"java"
"50";"Développeur react senior";"Marrakech";"Informatique / Multimédia / Internet";"CDI";"ALTERIPSO";"Plus de 10 000 DH";"Bac plus 5";"java,javascript,react"
"51";"Responsable technique en développement";"Casablanca";"Informatique / Multimédia / Internet";"CDI";"Filiale d'un groupe français";"A discuter";"Bac plus 4";"c++,python"
"52";"Développeur Python";"Rabat";"Informatique / Multimédia / Internet";"CDI";"SUCCESS";"Plus de 10 000 DH";"Bac plus 5";"python"
"53";"Développeur Front-end /Back-end";"Tanger";"Informatique / Multimédia / Internet";"CDI";"Telematic";"A discuter";"Bac plus 5";"laravel,vue,angular"
"54";"Developpeur web /bac +5";"Kénitra";"Informatique / Multimédia / Internet";"A discuter";"ASATECHNO CONSULTING";"A discuter";"Bac plus 5";"java,react,html,css,scala"
"55";"DEVELOPPEUR WEB & E-LEARNING";"Casablanca";"Informatique / Multimédia / Internet";"CDI";"FIANCITE INSTITUTE";"A discuter";"Bac plus 5";"html"
"56";"DEVELOPPEUR ERP";"Autre ville";"Informatique / Multimédia / Internet";"A discuter";"SOCIETE SARL";"A discuter";"Bac plus 2";"java,javascript,jquery,angular"
"57";"Consultant PLSQL";"Casablanca";"Informatique / Multimédia / Internet";"A discuter";"Roadmap consulting";"A discuter";"Bac plus 5";"oracle"
"58";"Informaticien Technique H/F";"Casablanca";"Informatique / Multimédia / Internet";"Interim";"chrono interim";"A discuter";"Niveau Bac";"vue"
"59";"Développeur Informatique CASABLANCA";"Casablanca";"Informatique / Multimédia / Internet";"A discuter";"STE";"A discuter";"Bac plus 2";"php,node"
"60";"Developer Full Stack (Back-end et Front-end)";"Marrakech";"Informatique / Multimédia / Internet";"A discuter";"M Media";"4 000 - 6 000 DH";"Pas important";"java,javascript,react,html,php,laravel,swift,kotlin,flutter,react native,vue,bootstrap"
"61";"Senior en informatique (H/F)";"Rabat";"Informatique / Multimédia / Internet";"CDI";"Confidentiel";"A discuter";"Bac plus 5";"java,react,php,vue"
"62";"TECHNICIEN EN DEVELLOPEMENT INFORMATIQUE SUR TANGE";"Tanger";"Informatique / Multimédia / Internet";"CDI";"ASSSIG MAROC";"A discuter";"Bac plus 2";"java,c++,jquery,angular"
"63";"Profile développement  Informatique basé à Temara";"Temara";"Informatique / Multimédia / Internet";"A discuter";"DEVOX";"A discuter";"Pas important";"java,javascript,html,css,vue,angular"
"64";"Développeurs C#";"Casablanca";"Informatique / Multimédia / Internet";"CDI";"Confidentiel";"A discuter";"Bac plus 2";"c#"
"65";"Développeur JAVA/ ANGULAR";"Casablanca";"Informatique / Multimédia / Internet";"CDI";"multinationale belge";"Plus de 10 000 DH";"Bac plus 5";"java,angular,j2ee"
"66";"Senior/expert en informatique / bac+5";"Rabat";"Informatique / Multimédia / Internet";"CDI";"Confidentiel";"A discuter";"Bac plus 5";"java,jee"
"67";"Développeur Web Angular";"Marrakech";"Informatique / Multimédia / Internet";"CDI";"1 Minute Script";"8 000 - 10 000 DH";"Bac plus 2";"java,angular"
"68";"Développeur Web / Mobile";"Agadir";"Informatique / Multimédia / Internet";"A discuter";"DIGITAL ELITE";"A discuter";"Pas important";"java,javascript,react,php,laravel,react native"
"69";"Ingénieur Développement C# sur Casablanca";"Fès";"Informatique / Multimédia / Internet";"CDI";"IT Conseil";"A discuter";"Bac plus 5";"c#"
"70";"Integrateur configurateur";"Casablanca";"Informatique / Multimédia / Internet";"CDI";"Expanded Payment International XPI";"A discuter";"Bac plus 2";"java,oracle"
"71";"Développeur JAVA JEE";"Marrakech";"Informatique / Multimédia / Internet";"A discuter";"Ihospitality";"A discuter";"Bac plus 3";"java,javascript,angular,jee,oracle"
"72";"Développeur Full Stack - JAVA/JEE - React-Native";"Rabat";"Informatique / Multimédia / Internet";"CDI";"Talents RH";"A discuter";"Bac plus 5";"java,angular,shell,jee,node"
"73";"Développeur WooCommerce";"Casablanca";"Informatique / Multimédia / Internet";"A discuter";"Natésis";"A discuter";"Pas important";"wordpress"
"74";"Ingénieur développement";"Casablanca";"Informatique / Multimédia / Internet";"CDI";"IT Conseil";"A discuter";"Bac plus 5";"c#"
"75";"Ingenieur developpement web / bac+5";"Casablanca";"Informatique / Multimédia / Internet";"CDI";"ANONYME";"A discuter";"Bac plus 5";"java,javascript,html,ajax"
"76";"Développeurs JAVA/J2EE";"Kénitra";"Informatique / Multimédia / Internet";"A discuter";"ASATECHNO CONSULTING";"A discuter";"Bac plus 5";"java,react,scala,j2ee"
"77";"Développeur Informatique Full Stack";"Marrakech";"Informatique / Multimédia / Internet";"CDI";"DEV CONNECT";"Plus de 10 000 DH";"Bac plus 5";"java,javascript,jquery,css,php,laravel,swift,objective-c,angular,ajax,bootstrap,wordpress"
"78";"Développeur Informatique Site Web";"Marrakech";"Informatique / Multimédia / Internet";"CDI";"DEV CONNECT";"8 000 - 10 000 DH";"Bac plus 4";"java,javascript,jquery,css,php,laravel,angular,ajax,bootstrap,wordpress"
"79";"Développeur Web";"Agadir";"Informatique / Multimédia / Internet";"A discuter";"PROWEBTECH";"A discuter";"Pas important";"jquery,react,html,css,php,vue,angular,wordpress"
"80";"Développeurs web pour un Pré embauche";"Casablanca";"Industrie / Ingénierie / Energie";"A discuter";"MABORNE";"A discuter";"Bac plus 2";"java,javascript,css,php,laravel"
"81";"Développeur sur Flutter";"Casablanca";"Informatique / Multimédia / Internet";"CDI";"Geb Analysis";"A discuter";"Bac plus 3";"swift,flutter"
"82";"Agent Marketing";"Tanger";"Marketing / Communication / Publicité / Rp";"CDI";"CMH";"3 000 - 4 000 DH";"Bac plus 2";"html"
"83";"Développeur java expérimenté / bac +5 avec 5 ans minimum d'expérience";"Casablanca";"Informatique / Multimédia / Internet";"CDI";"Confidentiel";"A discuter";"Bac plus 5";"java"
"84";"Développeur full stack expérimenté - Tanger";"Tanger";"Informatique / Multimédia / Internet";"CDI";"Global secur";"Plus de 10 000 DH";"Bac plus 2";"java,javascript,html,css,php,laravel,ruby,python,django,oracle"
"85";"Développeur consultant Zoho CRM";"Rabat";"Informatique / Multimédia / Internet";"A discuter";"Forleaders";"A discuter";"Bac plus 3";"java,c++,javascript,php"
"86";"Full stack engineer angular/nodejs";"Casablanca";"Informatique / Multimédia / Internet";"CDI";"SARL";"Plus de 10 000 DH";"Pas important";"angular,node"
"87";"Développeur Shopify";"Agadir";"Informatique / Multimédia / Internet";"A discuter";"ZoneCom";"A discuter";"Pas important";"wordpress"
"88";"Développeur wordpress";"Agadir";"Informatique / Multimédia / Internet";"A discuter";"ZoneCom";"A discuter";"Bac plus 2";"java,javascript,jquery,php,wordpress"
"89";"Developpeur JAVA";"Casablanca";"Informatique / Multimédia / Internet";"A discuter";"NISMATECH";"A discuter";"Pas important";"java,c++"
"90";"DEVELOPPEUR WEB A RABAT";"Rabat";"Informatique / Multimédia / Internet";"CDI";"PRO SYSTEM SERVICE";"6 000 - 8 000 DH";"Bac plus 5";"java,javascript,html,ajax,wordpress"
"91";"It Team Leader";"Marrakech";"Informatique / Multimédia / Internet";"CDI";"Profonde Solution";"A discuter";"Bac plus 5";"scala"
"92";"Developpeur react native en freelance";"Casablanca";"Informatique / Multimédia / Internet";"A discuter";"RH WE";"A discuter";"Bac plus 5";"java,javascript,react,html,css,php,python,react native,bootstrap,wordpress"
"93";"Développeur full stack (MARRAKECH)";"Marrakech";"Informatique / Multimédia / Internet";"CDI";"VIAPRESTIGE GROUPE";"6 000 - 8 000 DH";"Bac plus 2";"java,javascript,html,css,php,wordpress"
"94";"Développeur(euse) Prestashop / Wordpress";"Marrakech";"Informatique / Multimédia / Internet";"CDI";"VIAPRESTIGE GROUPE";"6 000 - 8 000 DH";"Bac plus 2";"java,javascript,html,css,php,wordpress"
"95";"Développeur Web / Mobile";"Marrakech";"Informatique / Multimédia / Internet";"CDI";"1 Minute Script";"A discuter";"Bac plus 3";"java,react,angular"
"96";"Développeur JAVA";"Casablanca";"Informatique / Multimédia / Internet";"A discuter";"1pay";"A discuter";"Bac plus 3";"java,javascript,angular,jee,oracle"
"97";"Business Analyste IT";"Marrakech";"Informatique / Multimédia / Internet";"CDI";"Profonde Solution";"A discuter";"Bac plus 5";"vue"
"98";"Développeurs informatique";"Rabat";"Informatique / Multimédia / Internet";"A discuter";"Confidentiel";"A discuter";"Bac plus 5";"java,react,php,vue"
"99";"Responsable de l'analyse de Performance";"Casablanca";"Autre";"CDI";"MaxAB";"A discuter";"Bac plus 3";"python"
"100";"Développeur Full-Stack";"Rabat";"Informatique / Multimédia / Internet";"CDI";"UA Tech Sàrl";"6 000 - 8 000 DH";"Bac plus 3";"php,oracle"
"101";"Développeurs frontend /backend";"Rabat";"Informatique / Multimédia / Internet";"A discuter";"Confidentiel";"A discuter";"Bac plus 2";"java,javascript,html,css,php,wordpress"
"102";"Recrutement Développeur Fullstack Reactjs / Larave";"Safi";"Informatique / Multimédia / Internet";"A discuter";"crée";"A discuter";"Bac plus 2";"react,php,laravel"
"103";"Developpeur react et laravel";"Safi";"Informatique / Multimédia / Internet";"Anapec";"BETTER APPS";"6 000 - 8 000 DH";"Bac plus 2";"react,laravel"
"104";"Recrutement Développeur Fullstack Reactjs / Larvel";"Safi";"Informatique / Multimédia / Internet";"A discuter";"BETTER APPS";"A discuter";"Bac plus 2";"react,php,laravel"
"105";"Sharepoint developer/.NET";"Rabat";"Informatique / Multimédia / Internet";"CDI";"Vitsolutions";"Plus de 10 000 DH";"Bac plus 5";"html,css,shell,next"
"106";"Développeur(se) Applications mobile";"Casablanca";"Informatique / Multimédia / Internet";"A discuter";"Succursale Développement IT";"A discuter";"Bac plus 5";"react,flutter,react native"
"107";"Développeur web de marrakech";"Marrakech";"Marketing / Communication / Publicité / Rp";"CDI";"agence marrakech";"Commission";"Bac plus 2";"react,html,css,php,laravel,angular,node,wordpress"
"108";"Développeur web";"Marrakech";"Marketing / Communication / Publicité / Rp";"CDI";"agence marrakech";"Commission";"Bac plus 2";"react,html,css,php,laravel,angular,node,wordpress"
"109";"Développeur- chargé du projet- A distance";"Rabat";"Informatique / Multimédia / Internet";"CDD";"centexam";"A discuter";"Bac plus 3";"java,javascript,html,css"
"110";"DEVELOPPEUR WEB - MARRAKECH";"Marrakech";"Informatique / Multimédia / Internet";"CDI";"WESHORE";"A discuter";"Bac plus 4";"java,javascript,jquery,html,css,php,laravel,angular,wordpress"
"111";"Développeur web / mobile - Marrakech";"Marrakech";"Informatique / Multimédia / Internet";"CDI";"POWER FLEET";"A discuter";"Bac plus 2";"jquery,html,css,php,flutter,wordpress"
"112";"Développeur web wordpress";"Tout le Maroc";"Informatique / Multimédia / Internet";"A discuter";"Leman ebusiness";"3 000 - 4 000 DH";"Pas important";"wordpress"
"113";"Des développeurs expérimentés";"Tanger";"Informatique / Multimédia / Internet";"A discuter";"Bombs squad";"A discuter";"Bac plus 4";"html,css,php,wordpress"
"114";"DEVELOPPEUR FULLSTACK PhP & Java";"Tanger";"Informatique / Multimédia / Internet";"A discuter";"Simplon Maroc";"6 000 - 8 000 DH";"Pas important";"java,javascript,jquery,react,html,css,php,laravel,flutter,react native,vue,angular,node,ajax,bootstrap"
"115";"Intégrateur / Développeur Fullstack";"Casablanca";"Informatique / Multimédia / Internet";"CDI";"Vivace Consulting";"A discuter";"Bac plus 2";"java,javascript,jquery,react,html,css,php,laravel,angular,bootstrap,wordpress"
"116";"Développeurs informatique (H/F)";"Rabat";"Informatique / Multimédia / Internet";"A discuter";"Confidentiel";"A discuter";"Bac plus 5";"java,react,php,vue"
"117";"Développeur PHP / PRESTASHOP";"Tanger";"Informatique / Multimédia / Internet";"CDI";"L'NKBOOT MAROC";"Plus de 10 000 DH";"Pas important";"java,javascript,jquery,html,css,php"
"118";"MOBILE DEVELOPER / FLUTTER";"Marrakech";"Informatique / Multimédia / Internet";"CDI";"Profonde Solution";"A discuter";"Bac plus 2";"java,flutter"
"119";"Développeur PHP";"Marrakech";"Informatique / Multimédia / Internet";"CDI";"Azul Fish";"A discuter";"Bac plus 2";"php,laravel"
"120";"Développeur C Sharp Freelance";"Casablanca";"Informatique / Multimédia / Internet";"A discuter";"Livremoi.ma";"6 000 - 8 000 DH";"Bac plus 3";"c"
"121";"Développeur Web JAVA";"Casablanca";"Autre";"CDI";"Siway";"A discuter";"Bac plus 3";"java,javascript,jquery,html,j2ee,bootstrap,oracle"
"122";"Développeurs Python Django Full Stack#2";"Casablanca";"Informatique / Multimédia / Internet";"CDI";"TNA Consulting";"A discuter";"Bac plus 5";"python,django"
"123";"Développeur C++ Qt";"Nador";"Informatique / Multimédia / Internet";"CDI";"H2C DEVELOPEMENT";"A discuter";"Bac plus 3";"java,c++,javascript"
"124";"Développeur  Angular";"Tanger";"Informatique / Multimédia / Internet";"CDI";"DCM";"A discuter";"Bac plus 5";"react,vue,angular"
"125";"Développeuse (F) Maîtrisant obligatoire < .NET <";"Rabat";"Informatique / Multimédia / Internet";"A discuter";"IEE";"A discuter";"Bac plus 3";"java,javascript,html,css,php"
"126";"Développeur Full-Stack";"Casablanca";"Informatique / Multimédia / Internet";"CDI";"Groupe PGM";"A discuter";"Pas important";"java,javascript,react,html,css,php,laravel,vue,angular,jee,node,wordpress"
"127";"Développeur Fullstack";"Marrakech";"Informatique / Multimédia / Internet";"A discuter";"YC";"A discuter";"Bac plus 2";"laravel,wordpress"
"128";"Intégrateur/Développeur (H/F) Laravel expérimenté";"Marrakech";"Informatique / Multimédia / Internet";"A discuter";"Onestcom";"A discuter";"Bac plus 2";"css,laravel,wordpress"
"129";"Développeur Mobile";"Casablanca";"Banque / Finance / Assurance";"CDI";"Confidentiel";"A discuter";"Bac plus 5";"java,react,swift"
"130";"Développeur wordpress";"Casablanca";"Informatique / Multimédia / Internet";"A discuter";"ObjectZone";"A discuter";"Pas important";"wordpress"
"131";"Développeur Mobile flutter";"Casablanca";"Informatique / Multimédia / Internet";"A discuter";"Yarmo";"A discuter";"Pas important";"laravel,flutter"
"132";"Full Stack Developer";"Tanger";"Marketing / Communication / Publicité / Rp";"CDI";"Tanger";"4 000 - 6 000 DH";"Bac plus 3";"java,javascript,html,php,laravel,vue,next"
"133";"Ingénieur Développement C#";"Casablanca";"Informatique / Multimédia / Internet";"CDI";"Magnisfy Maroc";"A discuter";"Bac plus 5";"c#"
"134";"Intégrateur / Développeur H - WordPress";"Agadir";"Informatique / Multimédia / Internet";"CDI";"ClicWeb";"A discuter";"Pas important";"jquery,html,css,php,wordpress"
"135";"Expert Wordpress - Sécurité - SEO";"Casablanca";"Informatique / Multimédia / Internet";"A discuter";"Webcom";"A discuter";"Pas important";"php,wordpress"
"136";"Développeur iOS - IONIC";"Casablanca";"Informatique / Multimédia / Internet";"A discuter";"Webcom.ma";"A discuter";"Pas important";"java,swift"
"137";"Développeur WEB";"Casablanca";"Informatique / Multimédia / Internet";"CDI";"YOU-PROF";"A discuter";"Bac plus 4";"php"
"138";"Développeur Python/Odoo";"Rabat";"Informatique / Multimédia / Internet";"CDI";"Ayouris";"A discuter";"Pas important";"python"
"139";"Développeurs seniors Java JEE (H/F)";"Rabat";"Informatique / Multimédia / Internet";"A discuter";"SIS Consultants";"A discuter";"Bac plus 5";"java,jee"
"140";"Développeur Desktop Full Stack";"Tanger";"Industrie / Ingénierie / Energie";"A discuter";"GRETIN";"A discuter";"Bac plus 2";"java,c++,python"
"141";"Développeuse (F) Maîtrisant obligatoire < .NET <";"Rabat";"Informatique / Multimédia / Internet";"A discuter";"IEE";"A discuter";"Bac plus 3";"java,javascript,html,css,php"
"142";"Développeur C#";"Agadir";"Informatique / Multimédia / Internet";"A discuter";"E@sySolutions";"A discuter";"Bac plus 2";"c#,vb.net"
"143";"Developpeur full stack";"Rabat";"Informatique / Multimédia / Internet";"CDI";"ATT";"A discuter";"Pas important";"python,kotlin,flutter,vue,angular,node"
"144";"Développeur web mobile React Native";"Casablanca";"Informatique / Multimédia / Internet";"CDI";"TNA Consulting";"A discuter";"Bac plus 5";"java,react,swift,kotlin,react native,jee"
"145";"Développeur WinDev";"Casablanca";"Informatique / Multimédia / Internet";"CDI";"SUPDEV";"A discuter";"Bac plus 2";"angular,oracle"
"146";"Développeur fullstack Laravel";"Casablanca";"Informatique / Multimédia / Internet";"CDI";"Qualiso";"A discuter";"Bac plus 3";"java,javascript,jquery,react,php,laravel,ajax,bootstrap"
"147";"Full stack developer";"Casablanca";"Informatique / Multimédia / Internet";"A discuter";"RH WE";"A discuter";"Pas important";"java,javascript,react,html,css,php,python,react native,bootstrap,wordpress"
"148";"Formateur en Développement Informatique";"Rabat";"Education / Social / Petite Enfance";"A discuter";"MIAGE RABAT SALE";"A discuter";"Bac plus 3";"java,c++"
"149";"Développeur PHP Laravel";"Marrakech";"Informatique / Multimédia / Internet";"CDI";"Smart Influencer";"4 000 - 6 000 DH";"Bac plus 2";"php,laravel,vue"
"150";"Développeur Full stack Java/Angular";"Rabat";"Informatique / Multimédia / Internet";"CDI";"Ayouris";"A discuter";"Pas important";"java,angular"
"151";"SENIOR FULL STACK ENGINEER";"Autre ville";"Informatique / Multimédia / Internet";"CDI";"Confidentiel";"A discuter";"Bac plus 5";"java,node"
"152";"DEVELOPPEUR FRONT END SENIOR";"Berrechid";"Informatique / Multimédia / Internet";"CDI";"Confidentiel";"A discuter";"Bac plus 5";"java,javascript,react,html,css,vue,angular"
"153";"Développeur web LARAVEL full stack";"Rabat";"Informatique / Multimédia / Internet";"CDI";"Genivar";"A discuter";"Bac plus 3";"java,javascript,html,css,php,laravel,bootstrap"
"154";"Ingénieur seniors JAVA JEE";"Rabat";"Autre";"A discuter";"SIS Consultants";"A discuter";"Bac plus 5";"java,jee,j2ee"
"155";"JAVA Développeur";"Tout le Maroc";"Informatique / Multimédia / Internet";"CDI";"Confidentiel";"A discuter";"Bac plus 4";"java,angular"
"156";"DÉVELOPPEUR LOGICIEL SÉNIOR - Xamarin";"Casablanca";"Informatique / Multimédia / Internet";"CDD";"LHT";"8 000 - 10 000 DH";"Bac plus 3";"c#"
"157";"Développeur PHP / Symfony - Casablanca";"Casablanca";"Informatique / Multimédia / Internet";"A discuter";"CONFIDENTIEL";"3 000 - 4 000 DH";"Bac plus 3";"php"
"158";"Développeur WEB";"Temara";"Informatique / Multimédia / Internet";"A discuter";"Mobidigitech";"A discuter";"Bac plus 3";"laravel,node"
"159";"Software DevOps developpeur";"Casablanca";"Informatique / Multimédia / Internet";"A discuter";"InCorp H";"8 000 - 10 000 DH";"Bac plus 5";"java,html,css,python"
"160";"Développeur informatique";"Casablanca";"Informatique / Multimédia / Internet";"CDI";"Direct Invest";"4 000 - 6 000 DH";"Bac plus 4";"php"
"161";"Des développeurs JAVA JEE";"Rabat";"Informatique / Multimédia / Internet";"A discuter";"Confidentiel";"A discuter";"Bac plus 2";"java,jee"
"162";"Python Developer";"Tanger";"Informatique / Multimédia / Internet";"CDI";"Multivistas Media";"A discuter";"Bac plus 2";"java,javascript,jquery,html,css,python,scala,django"
"163";"Developeur full stack en Freelance";"Marrakech";"Informatique / Multimédia / Internet";"A discuter";"M Media";"2 000 - 3 000 DH";"Pas important";"java,javascript,html,php,laravel,wordpress"
"164";"Développeurs Seniors Java JEE (F/H)";"Rabat";"Informatique / Multimédia / Internet";"A discuter";"Confidentiel";"A discuter";"Bac plus 5";"java,jee,j2ee"
"165";"Ingénieur développement JAVA";"Casablanca";"Informatique / Multimédia / Internet";"CDI";"TEAMWILL";"A discuter";"Bac plus 4";"java"
"166";"Ingénieur  développement  ""multi plateforme """;"Casablanca";"Informatique / Multimédia / Internet";"A discuter";"ABNSOFT";"A discuter";"Bac plus 4";"java,j2ee,bootstrap"
"167";"Développeur WEB: PHP/CMS Javascript Expérimenté";"Rabat";"Informatique / Multimédia / Internet";"CDI";"doosys";"A discuter";"Bac plus 3";"java,javascript,html,css,php,wordpress"
"168";"Développeur applications mobile et siteweb";"Casablanca";"Informatique / Multimédia / Internet";"A discuter";"Hi-Tech";"A discuter";"Bac plus 4";"java,javascript,html,php,laravel,flutter,wordpress"
"169";"Offre emploi wordpress développement web";"Kénitra";"Informatique / Multimédia / Internet";"A discuter";"agence digital marketing";"A discuter";"Bac plus 3";"wordpress"
"170";"Développeur react native";"Casablanca";"Informatique / Multimédia / Internet";"A discuter";"devweb";"3 000 - 4 000 DH";"Bac plus 5";"react,react native"
"171";"Python Django Web Stack Developer";"Casablanca";"Informatique / Multimédia / Internet";"CDI";"TNA Consulting";"A discuter";"Bac plus 5";"python,django"
"172";"Technicien en développement informatique";"Agadir";"Agriculture / Environnement / Espaces Verts";"A discuter";"GREEN SOLUTIONS";"A discuter";"Bac plus 3";"java,php"
"173";"Développeur Java";"Rabat";"Informatique / Multimédia / Internet";"CDI";"Confidentiel";"Plus de 10 000 DH";"Bac plus 5";"java,c++,angular"
"174";"Développeurs seniors Java JEE";"Rabat";"Informatique / Multimédia / Internet";"A discuter";"SIS Consultants";"A discuter";"Bac plus 5";"java,jee,j2ee"
"175";"Consultant(e) JavaEE";"Rabat";"Informatique / Multimédia / Internet";"A discuter";"Confidentiel";"A discuter";"Bac plus 3";"java,jee"
"176";"Développeurs seniors Java JEE (H/F)";"Rabat";"Informatique / Multimédia / Internet";"A discuter";"SIS Consultants";"A discuter";"Bac plus 5";"java,jee,j2ee"
"177";"Développeur WEB";"Casablanca";"Informatique / Multimédia / Internet";"A discuter";"Timlog Solutions";"A discuter";"Bac plus 3";"react,html,css,php,laravel,angular,node,wordpress"
"178";"Développeur PHP - Symfony - Laravel [Niveau: Expér";"Tanger";"Informatique / Multimédia / Internet";"CDD";"Quintel SARL";"A discuter";"Bac plus 3";"php,laravel"
"179";"Développeur informatique PHP";"Casablanca";"Transport / Achat / Logistique";"A discuter";"MESSAGERIE";"A discuter";"Bac plus 2";"html,php,wordpress"
"180";"Développeur informatique (JAVA2EE)";"Casablanca";"Informatique / Multimédia / Internet";"CDI";"SA";"A discuter";"Bac plus 4";"java,delphi,j2ee"
"181";"Développeur (se) web";"Marrakech";"Informatique / Multimédia / Internet";"A discuter";"Confidentiel";"A discuter";"Bac plus 3";"jquery,react,html,css,php,wordpress"
"182";"DEVELOPPEUR NODE JS";"Casablanca";"Informatique / Multimédia / Internet";"CDI";"QALQUL";"A discuter";"Bac plus 4";"java,javascript,react,react native,node"
"183";"Assistant(e) E-commerce";"Casablanca";"Marketing / Communication / Publicité / Rp";"CDI";"Mardis";"4 000 - 6 000 DH";"Bac plus 2";"wordpress"
"184";"Recrutement d'un développeur";"Casablanca";"Informatique / Multimédia / Internet";"CDI";"une agence de conseil et développement web";"A discuter";"Bac plus 5";"java,javascript,html,css,php,wordpress"
"185";"Développeurs Seniors Java JEE";"Rabat";"Informatique / Multimédia / Internet";"A discuter";"SIS Consultants";"A discuter";"Bac plus 5";"java,jee,j2ee"
"186";"Développeir Backend ( Laravel / Php)";"Agadir";"Informatique / Multimédia / Internet";"A discuter";"Green Solutions Maroc";"A discuter";"Bac plus 2";"php,laravel"
"187";"FullStack (Java +React.js) Developer";"Tout le Maroc";"Informatique / Multimédia / Internet";"CDD";"inovar solutions";"A discuter";"Bac plus 5";"java,javascript,react,node"
"188";"Développeur";"Casablanca";"Construction / Btp";"CDI";"LITAJHIZ";"A discuter";"Bac plus 3";"java,javascript,jquery,html,css,php,angular,bootstrap"
"189";"Développeur JAVA";"Rabat";"Informatique / Multimédia / Internet";"A discuter";"Confidentiel";"A discuter";"Bac plus 3";"java,jee"
"190";"DEVELOPPEUR FULL STACK";"Casablanca";"Informatique / Multimédia / Internet";"CDI";"ATLAS DOTNET SERVICE";"A discuter";"Bac plus 3";"jquery,react,css,php,laravel,flutter,react native,vue,node,bootstrap,wordpress"
"191";"DEVELOPPEUR WINDEV CONFIRMÉ";"Casablanca";"Informatique / Multimédia / Internet";"CDI";"ACOVIT MAROC";"A discuter";"Bac plus 3";"java,php"
"192";"Backend Software Developer";"Casablanca";"Informatique / Multimédia / Internet";"CDI";"Vocation & Talents";"Plus de 10 000 DH";"Bac plus 5";"java,j2ee,oracle"
"193";"Développeur Python / Golang - France";"Casablanca";"Informatique / Multimédia / Internet";"CDI";"SILAMIR AFRIQUE";"Plus de 10 000 DH";"Bac plus 5";"python"
"194";"Développeur informatique";"Agadir";"Marketing / Communication / Publicité / Rp";"A discuter";"GroupMedia";"A discuter";"Bac plus 2";"java,javascript,html,css,wordpress"
"195";"Chef de Projet DEVOPS";"Mohammedia";"Informatique / Multimédia / Internet";"CDI";"Konilog/Xperlean";"Plus de 10 000 DH";"Bac plus 4";"java,angular"
"196";"Ingenieur Etude et Developpement";"Mohammedia";"Informatique / Multimédia / Internet";"CDI";"Konilog";"Plus de 10 000 DH";"Bac plus 4";"java,javascript,angular,jee"
"197";"Développeurs Web";"Tanger";"Informatique / Multimédia / Internet";"CDI";"Smartd";"6 000 - 8 000 DH";"Bac plus 3";"java,javascript,jquery,react,html,css,php,laravel,angular,node,bootstrap"
"198";"Développeurs seniors Java JEE (H/F)";"Rabat";"Informatique / Multimédia / Internet";"A discuter";"SIS Consultants";"A discuter";"Bac plus 5";"java,jee,j2ee"
"199";"Ingénieur développement JAVA";"Casablanca";"Informatique / Multimédia / Internet";"CDI";"Teamwill Consulting";"A discuter";"Bac plus 4";"java"
"200";"Nous recrutons à Marrakech  développeur full stack";"Marrakech";"Informatique / Multimédia / Internet";"CDI";"SHM";"3 000 - 4 000 DH";"Pas important";"java,javascript,html,j2ee"
"201";"Sharepoint developer";"Rabat";"Informatique / Multimédia / Internet";"CDI";"Vitsolutions";"Plus de 10 000 DH";"Bac plus 5";"html,css,shell,next"
"202";"Développeur  web full stack";"Marrakech";"Informatique / Multimédia / Internet";"CDI";"ALLPRO IT";"Plus de 10 000 DH";"Bac plus 5";"laravel,vue,angular"
"203";"Expert SEO/Télétravail";"Tout le Maroc";"Informatique / Multimédia / Internet";"CDI";"Confidentiel";"Plus de 10 000 DH";"Bac plus 5";"java,javascript,html,css,php"
"204";"Développeur  Angular";"Tanger";"Informatique / Multimédia / Internet";"CDI";"DCM";"A discuter";"Bac plus 5";"react,vue,angular"
"205";"Développeur TIBCO Senior";"Casablanca";"Informatique / Multimédia / Internet";"CDI";"Anonyme";"A discuter";"Bac plus 5";"oracle"
"206";"Développeur TIBCO Senior";"Casablanca";"Informatique / Multimédia / Internet";"CDI";"Anonyme";"A discuter";"Bac plus 5";"oracle"
"207";"Développeur E-commerce expérimenté";"Tout le Maroc";"Informatique / Multimédia / Internet";"A discuter";"3WM MAROC";"A discuter";"Pas important";"java,javascript,html,css,wordpress"
"208";"Développeur Python";"Rabat";"Informatique / Multimédia / Internet";"CDI";"Confidentiel";"Plus de 10 000 DH";"Bac plus 5";"python"
"209";"Développeur";"Rabat";"Informatique / Multimédia / Internet";"A discuter";"SOFT AND SOFT";"A discuter";"Bac plus 3";"java,php,jee,wordpress"
"210";"Software Test (Quality Assurance - QA)";"Rabat";"Informatique / Multimédia / Internet";"A discuter";"ADELPHATECH";"A discuter";"Pas important";"java,vue"
"211";"Ingenieur études et développement Java Jee";"Casablanca";"Informatique / Multimédia / Internet";"CDI";"Expanded Payment International XPI";"A discuter";"Bac plus 2";"java,html,jee,j2ee,ajax"
"212";"DÉVELOPPEURS WEB MEKNES";"Tanger";"Informatique / Multimédia / Internet";"A discuter";"E-matrex";"A discuter";"Bac plus 3";"jquery,html,css,php"
"213";"Développeur(e) Java expérimenté(e)";"Rabat";"Informatique / Multimédia / Internet";"A discuter";"Confidentiel";"A discuter";"Bac plus 2";"java"
"214";"Fullstack .net/angular";"Rabat";"Informatique / Multimédia / Internet";"Interim";"ISP";"6 000 - 8 000 DH";"Pas important";"angular"
"215";"Développeur Java";"Rabat";"Informatique / Multimédia / Internet";"CDI";"TRAINVESTMENT SARL";"A discuter";"Bac plus 5";"java,jquery,angular,j2ee,oracle"
"216";"Développeur Javascript Fullstack";"Rabat";"Informatique / Multimédia / Internet";"CDI";"Startup";"A discuter";"Pas important";"java,javascript,html,css,laravel,angular"
"217";"Développeur React Natif (H/F)";"Casablanca";"Informatique / Multimédia / Internet";"A discuter";"DP";"A discuter";"Bac plus 3";"react"
"218";"Développeur FullStack - Laravel";"Casablanca";"Informatique / Multimédia / Internet";"CDI";"Marketplace";"A discuter";"Bac plus 5";"jquery,html,css,php,laravel,vue"
"219";"Développeur mobile Flutter";"Casablanca";"Informatique / Multimédia / Internet";"A discuter";"Yar";"A discuter";"Pas important";"flutter"
"220";"Développeur E-commerce";"Rabat";"Informatique / Multimédia / Internet";"A discuter";"SOFT AND SOFT";"A discuter";"Bac plus 2";"wordpress"
"221";"Développeur Web Symfony";"Casablanca";"Informatique / Multimédia / Internet";"A discuter";"Sarl";"A discuter";"Bac plus 3";"vue"
"222";"Developeur full stack en Freelance";"Casablanca";"Informatique / Multimédia / Internet";"A discuter";"COMPULOG";"A discuter";"Pas important";"jquery,html,css"
"223";"Project Coordinator";"Fès";"Informatique / Multimédia / Internet";"Anapec";"Smart Transformation";"A discuter";"Bac plus 3";"angular,next,node"
"224";"Full Stack Developers";"Fès";"Informatique / Multimédia / Internet";"Anapec";"Smart Transformation";"A discuter";"Bac plus 3";"angular,next,node"
"225";"Testeur";"Casablanca";"Informatique / Multimédia / Internet";"A discuter";"DATAVALUE";"A discuter";"Bac plus 4";"java,c#,ruby,python"
"226";"Ingénieur Data Scientist.";"Casablanca";"Informatique / Multimédia / Internet";"A discuter";"DATAVALUE";"A discuter";"Bac plus 5";"c++,python,julia"
"227";"Ingénieur Data";"Casablanca";"Informatique / Multimédia / Internet";"A discuter";"DATAVALUE";"A discuter";"Bac plus 5";"java,javascript,python,scala"
"228";"Webmaster junior";"Casablanca";"Informatique / Multimédia / Internet";"A discuter";"Smarteez";"A discuter";"Bac plus 2";"wordpress"
"229";"Senior FULL STACK JAVA Developper";"Rabat";"Informatique / Multimédia / Internet";"CDI";"Talents RH";"A discuter";"Bac plus 5";"java,angular,shell,node"
"230";"oDéveloppeur Full stack";"Casablanca";"Informatique / Multimédia / Internet";"A discuter";"DATAVALUE";"A discuter";"Bac plus 5";"java,javascript,react,angular"
"231";"Développeur Front-End prestashop H/F";"Casablanca";"Informatique / Multimédia / Internet";"CDI";"SARL";"A discuter";"Bac plus 5";"wordpress"
"232";"Développeur web PHP";"Agadir";"Informatique / Multimédia / Internet";"CDI";"PICAXEL";"A discuter";"Bac plus 2";"java,javascript,html,css,php,wordpress"
"233";"Développeur full stack (h/f) - KENITRA";"Kénitra";"Informatique / Multimédia / Internet";"CDI";"ED";"A discuter";"Bac plus 3";"java,javascript,jquery,html,css,php,laravel,python,vue,angular,wordpress"
"234";"Développeur Python pour ODOO";"Mohammedia";"Informatique / Multimédia / Internet";"CDI";"Process solutions";"A discuter";"Bac plus 3";"python"
"235";"Développeur informatique";"Tanger";"Informatique / Multimédia / Internet";"CDI";"MEDIA JOBS";"4 000 - 6 000 DH";"Bac plus 2";"java,php,python"
"236";"Developpeurs Fullstack Node.js / Angular 9";"Casablanca";"Informatique / Multimédia / Internet";"A discuter";"SARL";"8 000 - 10 000 DH";"Pas important";"angular,node"
"237";"Développeurs dart/flutter";"Casablanca";"Informatique / Multimédia / Internet";"A discuter";"SARL";"6 000 - 8 000 DH";"Pas important";"java,swift,kotlin,flutter"
"238";"Développeur Fullstack";"Casablanca";"Informatique / Multimédia / Internet";"CDI";"Confidentiel";"Plus de 20 000 DH";"Bac plus 5";"j2ee"
"239";"Community Manager  expérimenté";"Marrakech";"Informatique / Multimédia / Internet";"CDI";"Agence de communication";"A discuter";"Pas important";"vue"
"240";"Développeur C#";"Agadir";"Informatique / Multimédia / Internet";"CDI";"E@sySolutions";"A discuter";"Bac plus 2";"c#,vb.net"
"241";"DÉVELOPPEUR MOBILE (REACT NATIVE)";"Casablanca";"Informatique / Multimédia / Internet";"CDI";"Staffone";"A discuter";"Bac plus 3";"java,javascript,react,php,react native"
"242";"Développeur Fullstack PHP / React";"Casablanca";"Informatique / Multimédia / Internet";"CDI";"Staffone";"A discuter";"Bac plus 3";"java,javascript,react,php,laravel,react native"
"243";"Ingénieur d'études et developpement JAVA";"Rabat";"Informatique / Multimédia / Internet";"CDI";"SoftDev";"Plus de 10 000 DH";"Bac plus 5";"java,angular"
"244";"Développeur Laravel (H/F)";"Casablanca";"Informatique / Multimédia / Internet";"CDI";"DP";"A discuter";"Bac plus 5";"laravel"
"245";"Développeur Wordpress (H/F)";"Casablanca";"Informatique / Multimédia / Internet";"A discuter";"DP";"A discuter";"Bac plus 3";"wordpress"
"246";"Développeur Mobile iOS";"Rabat";"Informatique / Multimédia / Internet";"CDI";"Startup";"A discuter";"Bac plus 5";"swift"
"247";"Développeur FULLSTACK PYTHON";"Rabat";"Informatique / Multimédia / Internet";"CDI";"Startup";"A discuter";"Bac plus 5";"python"
"248";"Ingénieur d'État en informatique (3 ans)";"Rabat";"Informatique / Multimédia / Internet";"CDI";"MAPPING TECHNOLOGIES";"A discuter";"Bac plus 5";"java,javascript,php"
"249";"Développeur WEB";"Rabat";"Informatique / Multimédia / Internet";"A discuter";"MAPPING TECHNOLOGIES";"A discuter";"Bac plus 4";"java,javascript,html,css,php"
"250";"Ingénieur Etude et Développement PHP (H/F)";"Rabat";"Informatique / Multimédia / Internet";"CDI";"Confidentiel";"A discuter";"Bac plus 5";"java,javascript,php,angular"
"251";"Consultants seniors JAVA JEE";"Rabat";"Informatique / Multimédia / Internet";"CDI";"SIS Consultants";"A discuter";"Bac plus 5";"java,angular,jee"
"252";"Développeur REACT Confirmés";"Casablanca";"Autre";"CDI";"RH";"A discuter";"Bac plus 5";"react"
"253";"Développeur PHP Min 2 ans";"Casablanca";"Autre";"CDI";"RH";"A discuter";"Bac plus 5";"php"
"254";"Développeur JAVA Senior";"Casablanca";"Autre";"CDI";"RH";"A discuter";"Bac plus 5";"java"
"255";"Développeur PHP Full Stack";"Fès";"Informatique / Multimédia / Internet";"CDI";"NT CONSULTING";"A discuter";"Bac plus 5";"java,javascript,jquery,html,css,php,angular"
"256";"Developpeur Python";"Casablanca";"Informatique / Multimédia / Internet";"A discuter";"Gerosoft";"A discuter";"Bac plus 3";"react,html,php,laravel,python,angular,django"
"257";"Developpeur (se) React Native";"Marrakech";"Informatique / Multimédia / Internet";"A discuter";"STARTUP";"A discuter";"Pas important";"react,react native"
"258";"Ingénieur en développement java jee";"Mohammedia";"Informatique / Multimédia / Internet";"CDI";"Dokumentive";"A discuter";"Bac plus 5";"java,javascript,html,css,laravel,vue,angular"
"259";"Formateur(rice)s en reactjs";"Tanger";"Informatique / Multimédia / Internet";"CDD";"WEBFORCE 3";"A discuter";"Bac plus 5";"react"
"260";"Ingénieur développeur JAVA";"Casablanca";"Informatique / Multimédia / Internet";"A discuter";"GSW";"A discuter";"Bac plus 5";"java"
"261";"Ingénieur développeur Drupal / PHP";"Casablanca";"Informatique / Multimédia / Internet";"A discuter";"GSW";"Plus de 20 000 DH";"Bac plus 5";"php"
"262";"Webmaster Junior (F/H)";"Casablanca";"Informatique / Multimédia / Internet";"CDI";"Smarteez";"A discuter";"Bac plus 3";"wordpress"
"263";"Formateur en python";"Agadir";"Informatique / Multimédia / Internet";"A discuter";"Centre de Formation";"A discuter";"Bac plus 5";"python"
"264";"Développeur Web";"Salé";"Informatique / Multimédia / Internet";"CDI";"ITAB ACADEMY";"A discuter";"Bac plus 5";"php,wordpress"
"265";"Développeur cms et php";"Marrakech";"Marketing / Communication / Publicité / Rp";"A discuter";"Emedia";"3 000 - 4 000 DH";"Bac plus 2";"css,php"
"266";"INGÉNIEUR DÉVELOPPEUR DRUPAL 7 &8";"Rabat";"Informatique / Multimédia / Internet";"CDI";"SOCIETE LOGISTIQUE & SI";"A discuter";"Bac plus 5";"php"
"267";"Développeur Full-Stack H/F";"Marrakech";"Informatique / Multimédia / Internet";"CDI";"MN AGENCY";"8 000 - 10 000 DH";"Bac plus 4";"java,javascript,jquery,html,css,php,laravel,bootstrap"
"268";"Développeur Web / Chargé Marketing Digital";"Rabat";"Informatique / Multimédia / Internet";"CDI";"CPA MAROC";"A discuter";"Bac plus 2";"html,css,php,wordpress"
"269";"Développeur PHP/Symfony Confirmé";"Rabat";"Informatique / Multimédia / Internet";"A discuter";"DG DEPLOY";"A discuter";"Bac plus 4";"php"
"270";"Développeur confirmé maitrisant ReactNative";"Rabat";"Informatique / Multimédia / Internet";"A discuter";"DG DEPLOY";"A discuter";"Bac plus 4";"java,javascript,react,html,css,react native,ajax"
"271";"Ingénieur d'études et développement php/js / bac+4";"Casablanca";"Informatique / Multimédia / Internet";"CDI";"Dataweb";"A discuter";"Bac plus 5";"java,php,angular"
"272";"Développeur web et développeur  mobile";"Temara";"Informatique / Multimédia / Internet";"A discuter";"mobidigitech";"A discuter";"Pas important";"react,php,laravel,flutter,react native,vue"
"273";"Ingénieur Développeur PHP/ Symfony";"Casablanca";"Informatique / Multimédia / Internet";"A discuter";"Webcom.ma";"A discuter";"Bac plus 5";"php"
"274";"Formateuroriceos en ReactJS";"Tanger";"Informatique / Multimédia / Internet";"CDD";"WEBFORCE 3";"A discuter";"Bac plus 5";"react"
"275";"Développeurs à Casablanca";"Casablanca";"Informatique / Multimédia / Internet";"CDI";"LAIMMASTERS";"A discuter";"Pas important";"react,html,css,php,jee,bootstrap"
"276";"Développeurs Full stack Dot Net";"Casablanca";"Informatique / Multimédia / Internet";"A discuter";"Entreprise canadienne";"A discuter";"Bac plus 5";"java,c#,javascript,react,angular"
"277";"4 développeurs full stack c#";"Tout le Maroc";"Informatique / Multimédia / Internet";"CDI";"HDCE Maroc";"Plus de 10 000 DH";"Bac plus 3";"java,c#,javascript,react,angular"
"278";"Developpeur web full stack";"Tanger";"Informatique / Multimédia / Internet";"CDI";"TANGER MED";"8 000 - 10 000 DH";"Bac plus 5";"java,javascript,jquery,react,html,css,php,laravel,vue,angular,jee,node,bootstrap,oracle"
"279";"Développeur php backend et frontend";"Casablanca";"Informatique / Multimédia / Internet";"CDI";"Dataweb";"A discuter";"Bac plus 3";"html,css,php"
"280";"Développeur web et mobile";"Casablanca";"Informatique / Multimédia / Internet";"CDI";"Dataweb";"A discuter";"Bac plus 3";"php"
"281";"Ingénieur développeur JAVA/REACTJS";"Rabat";"Informatique / Multimédia / Internet";"A discuter";"GSW";"Plus de 20 000 DH";"Bac plus 5";"java,javascript,react"
"282";"Web Developer / Mobile Developer";"Marrakech";"Informatique / Multimédia / Internet";"CDI";"Itcom";"A discuter";"Pas important";"scala"
"283";"Recrutement d'un développeur C++";"Casablanca";"Informatique / Multimédia / Internet";"CDI";"Filiale d'un groupe français";"A discuter";"Bac plus 5";"c++,python"
"284";"Recherche développeur frontend ReactJs";"Casablanca";"Informatique / Multimédia / Internet";"A discuter";"EVIDENCE-WAY";"A discuter";"Pas important";"react"
